wallet_address,eoa_address,transaction_hash
0xe2a3d9b372f950f08e3e8456e91594371c29b642,0x112cd15c936a8854d2febbadbaa9d29bcc73fbce,0x68abf545afe28a9ba16ae92c0a56835bc5640f2ef054ba888332a14dfca17d33
0x2ed5068de6d42ed3ea19d88c5e3504ab419ff9d9,0x056dcba5e7066cfb62603f7b743009e814b751a2,0x3cfcb7ad9d21d99803ea315f12ad8dfef6b53607899f867ec506a2d126443aa1
0xe04bf347abade326dcb74fc212325483808a04e4,0xb2d8b7b4e35df81ddcafbad7bd3d822edb139516,0x7814948717599376f5d3e0fe9b2761e392ad32f03552fbd9d0b37b62b274be9b
0xd4bfafadfb99a00e957fd54d70b762cf8d8f6ebe,0x87a110cfd570e1480332e9978dded49d9de74483,0x2a3f3772198c68ac9b591b6aabcdb7ee2780dd57a46bfdf9bf867f647d823f6c
0x533063e44bcc601d365a26aac3cc9147a9c77ad5,0x72085a606b10f84d6d9aa686054a0abfcaf7a695,0xb3de3a58cfe73209c7d0b1ba0953cc5bafa0a939e39e6c153377608bf26e39d4
0xee1d4a9c6872c3d2158876cbf8d37d2e989bdbf3,0x5a0dd5351bbe1b65115d204efc00ce2cd02240b7,0x34b8127c8df9be0f1d96e206f0070ebf140c751c362485813435cdd9fbba8e5a
0xbe2f54b101eb966bf1164c231b43a2268a7ba885,0xb59273a38999b1fb148bc1fae49a37bdea144e44,0xd4986e6b63910c3b9d1325e95bfb4c3f6a97ccd00cf306223c00b9548869b0a3
0x6b4bd79f7885858f2bcf1dac838657e42933b47c,0x3da5271e8fad21c7f4fbd437b8d2eaf809799f0f,0x14956b056f56463667a89966ff5e193ee05766f1a1f77bfb0919b05e1e0ad52e
0xeb13953a719cb7811098d8bd9c49607209902c6e,0x43b3a34faee8f7e0c035b5120429766c3f09c23e,0x08701d77281f33aef86310f49b4cf0ff1d5696fdbe99aec2b9172f3e43a45a69
0x9bd6856bf85e91e1ef8c7e81ec54d2986afdcfed,0xc806f52421d82500473318918efdeabc9fd97271,0x7c24788a2101126464dcd22465f07c0ecbdb165bffe308c45c1f135feb5c6b46
0x99503a2b1d2e736115c46804fd0d819cab2f0117,0xcdf4940329be9aeed471e0db7a02a1335e8bbb7a,0xf6dd78083b920323fc011cf5c6236a725add5acf2fa793b82a4ba870b0bddfb7
0x5a0c324fedac83091b01637101879a514f5bd306,0x0a9ecc0e5f2ad4d7c3861235b037a98ebf881248,0x45833e0d61dbaeb9ca6d3ddeaa9cde308808d8eada00ff6bfdbc30942ec5c1dd
0x6dafe776e230c6fd744cbe4816376bbf29e54433,0xcc368778981262a4308d175bd8a9f1c559ff3c1d,0x221135e7fbe4e4eb217f30fd0d8f1b075cbb075a9ad31c888c020954dfc0486a
0xcbb60a03a63e93fd8641065ded2b1e78b0fb9f24,0x05e95d7572d2c32746a33b1c19f5e6e1578c664c,0x394b811670b9f2bfc5ebae295a839166d4697d2e63c17b9dc0e9ef8e1b670a59
0x8bc797b44684a412946fd3f48fefab4caaa834ce,0x0fe22d57372f73db4ed14437ea558f62bb57374f,0x4b255ecf91ae97107957e64ab0dd9a087ba625e229cc0120c10f3a0b2eb297b1
0xf2bb087b7feed93371e4813401b15ba033ff9741,0x623eaa8313765dea9ffd8e12aa39bfe459265279,0x83cc7ba34ffe59334afa3b517b7b6bc4393ac4fc190adf7811816557d4dc7dad
0xd9f7e66fee49cc431e7a2bf43d5892676127cf16,0x6910a2fca64bf64880dfa383d50929187f4dced6,0x7d4b82f648db70a5afabd4e52d572148c16af60a09fcd2d805332cdd06a6056c
0xe4b6bd01b1dc76aaf88664f3324f1b9f2f654866,0x63a1f21c50e04eb51d8269b991ed63b927dc3fb8,0xd009679411f6286579cf721a058f53401300743e30f973f0ce10a2710c486feb
0x3d2af929197ce625aa73a66d6e7c31c6226ab0bd,0x63f44a051f1f6e7b6474c965b056d6cb0807a2d2,0x0b2932c243119b11e993011bb9e77295fee91a51129275ce5f7ef8e27b9c0e36
